round	vacancy_id
1	193
1	194
1	195
1	247
1	289
1	754
1	1068
1	1100
1	1174
1	1177
1	1593
1	1641
1	1860
1	1903
1	1972
1	2261
1	2283
1	2643
1	2848
1	2866
1	3151
1	3308
1	3584
1	3695
1	3699
1	3720
1	3742
1	5101
1	5490
1	5519
1	5633
1	6073
1	6989
1	7007
1	8358
1	8553
1	8884
1	9190
1	9700
1	9944
1	9952
1	9973
1	10438
1	10491
1	10825
1	11000
1	11226
1	11889
1	12437
1	12740
1	12959
1	12977
1	12991
1	13031
1	13772
1	13926
1	13949
1	13978
1	13982
1	13987
1	14318
1	14329
1	14337
1	14834
1	15872
1	16019
1	16041
1	16063
1	16261
1	16422
1	16561
1	16767
1	16828
1	17205
1	17223
1	17508
1	17540
1	17727
1	17842
1	17996
1	17998
1	18002
1	18144
1	18500
1	18555
1	18655
1	18696
1	18819
1	19253
1	19538
1	19543
1	19556
1	19669
1	19675
1	19677
1	19678
1	19692
1	20107
1	20405
1	20524
1	24092
1	24094
1	24108
1	24109
1	24114
1	24148
1	24612
1	25669
1	26136
1	26611
1	26663
1	27777
1	27780
1	27999
1	28661
1	28789
1	28817
1	28907
1	29078
1	29083
1	29085
1	29500
1	29616
1	29787
1	29790
1	29791
1	30497
1	30533
1	30918
1	31092
1	31147
1	31201
1	31220
1	31530
1	31557
1	31751
1	31760
1	31825
1	32676
1	32862
1	32905
1	32939
1	32975
1	33335
1	33402
1	35755
1	36009
1	36281
1	36314
1	36778
1	37250
1	37375
1	37391
1	37983
1	38483
1	39677
1	39826
1	40463
1	40495
1	40724
1	40798
1	40954
1	40965
1	41011
1	41257
1	41677
1	41734
1	41976
1	42239
1	43112
1	43200
1	43430
1	43967
1	44393
1	44528
1	44563
1	44617
1	44654
1	44833
1	44895
1	45202
1	45312
1	45760
1	45856
1	45902
1	45906
1	45923
1	46081
1	46869
1	47231
1	47902
1	48452
1	48559
1	49052
1	49357
1	49579
1	49639
1	49656
1	49852
1	50074
1	50329
1	50495
1	50564
1	50731
1	51074
1	51128
1	51234
1	51838
1	52520
1	52620
1	52826
1	52867
1	52868
1	53073
1	53076
1	56827
1	57082
1	58544
1	58613
1	58917
1	59052
1	59074
1	59313
1	59501
1	59507
1	59552
1	60053
1	60623
1	60702
1	60826
1	61686
1	61865
1	62155
1	62457
1	62797
1	62822
1	62937
1	63733
1	63841
1	64482
1	64519
1	64612
1	64613
1	64753
1	64879
1	64945
1	65286
1	65632
1	65687
1	66046
1	66101
1	66160
1	66254
1	66492
1	67087
1	67136
1	67415
1	67544
1	67906
1	68262
1	68264
1	68267
1	68272
1	68273
1	68274
1	68300
1	68498
1	69340
1	69518
1	69637
1	70215
1	70427
1	70582
1	70611
1	70894
1	70929
1	71326
1	71365
1	71382
1	71562
1	71634
1	71721
1	71725
1	71832
1	72659
1	74369
1	74372
1	74377
1	74693
1	74764
1	75280
1	75448
1	76717
1	77255
1	77318
1	77368
1	77649
1	77674
1	77737
1	77894
1	77972
1	78070
1	78356
1	78634
1	78741
1	78822
1	78992
1	79221
1	79230
1	79253
1	79606
1	79635
1	79638
1	80595
1	80600
1	81145
1	81163
1	81505
1	81562
1	81816
1	81925
1	82510
1	83762
1	83767
1	84798
1	84977
1	85758
1	86027
1	86085
1	86200
1	86479
1	86507
1	87092
1	87093
1	87110
1	87124
1	87243
1	87335
1	87720
1	87730
1	88380
1	88808
1	88925
1	89103
1	89104
1	89221
1	89634
1	92704
1	93334
1	93581
1	93686
1	93737
1	94717
1	94735
1	94996
1	95437
1	95448
1	95545
1	95549
1	95551
1	95620
1	96283
1	96320
1	97176
1	97698
1	98170
1	98171
1	98743
1	98884
1	98893
1	98905
1	99285
1	99312
1	100286
1	100452
1	100744
1	100973
1	101093
1	101167
1	101290
1	101365
1	101635
1	101671
1	101886
1	102668
1	103775
1	103967
1	104084
1	104147
1	104535
1	104621
1	104714
1	104827
1	104831
1	105112
1	105165
1	105184
1	105238
1	105295
1	105336
1	105409
1	105472
1	105681
1	106045
1	106144
1	106251
1	106331
1	106548
1	106621
1	107205
1	107289
1	107537
1	107667
1	107678
1	107823
1	107852
1	107853
1	108348
1	108468
1	108538
1	108658
1	108659
1	108914
1	110624
1	110717
1	110735
1	110877
1	111020
1	111909
1	112029
1	112112
1	114547
1	114996
1	115248
1	115308
1	115508
1	115547
1	115661
1	116633
1	117156
1	118551
1	118601
1	120477
1	121249
1	122027
1	125575
1	125708
1	128517
1	128547
1	128724
1	128765
1	129258
1	129395
1	129572
1	130301
1	130373
1	130704
1	130775
1	130973
1	131633
1	131642
1	131649
1	132007
1	132802
1	133094
1	133097
1	133098
1	133106
1	133128
1	133168
1	133322
1	133430
1	134337
1	134576
1	134798
1	134959
1	135001
1	135382
1	135644
1	136425
1	136973
1	136975
1	136976
1	137363
1	137538
1	137697
1	137829
1	137912
1	137916
1	138117
1	138531
1	138555
1	138616
1	138715
1	138760
1	138842
1	138875
1	139120
1	140181
1	140466
1	140995
1	141395
1	141416
1	141463
1	141733
1	142103
1	142377
1	142621
1	142715
1	145197
1	145672
1	145968
1	146942
1	147067
1	148116
1	148548
1	148791
1	149513
1	149731
1	149865
1	150220
1	155541
1	155626
1	155942
1	155946
1	156221
1	156223
1	156523
1	156916
1	157547
1	157616
1	157746
1	157977
1	158365
1	160081
1	160378
1	160845
1	161530
1	161649
1	161946
1	161947
1	162351
1	162357
1	163175
1	163689
1	164276
1	164279
1	164280
1	165437
1	165442
1	165537
1	165811
1	165849
1	166292
1	166770
1	166975
1	167240
1	167550
1	167577
1	167848
1	167933
1	167949
1	167996
1	169942
1	170345
1	170386
1	170994
1	171286
1	172020
1	172060
1	172104
1	172181
1	172202
1	172234
1	172401
1	174159
1	175004
1	175067
1	175320
1	175364
1	175389
1	175457
1	176025
1	176719
1	176972
1	177324
1	177357
1	177539
1	177635
1	177642
1	177786
1	178128
1	178191
1	178271
1	178272
1	178288
1	178416
1	178710
1	179023
1	179036
2	999
2	1882
2	1922
2	2017
2	2206
2	3221
2	3322
2	3532
2	4843
2	4887
2	5772
2	6083
2	6166
2	6268
2	6318
2	6387
2	6954
2	8228
2	8339
2	8473
2	8850
2	8944
2	9064
2	9981
2	10641
2	11124
2	11891
2	11981
2	12253
2	12331
2	12351
2	12388
2	12392
2	12440
2	12673
2	13799
2	13985
2	15175
2	15562
2	15631
2	15729
2	16139
2	16224
2	16498
2	16608
2	16618
2	16664
2	16696
2	16750
2	17723
2	17867
2	18094
2	18665
2	18820
2	19489
2	20034
2	20250
2	20416
2	20971
2	24062
2	25561
2	25804
2	25882
2	26331
2	26557
2	26619
2	28083
2	28325
2	28627
2	28895
2	28970
2	29277
2	30158
2	30187
2	30359
2	30448
2	30489
2	30921
2	31279
2	33269
2	33367
2	34950
2	35489
2	35494
2	35636
2	36235
2	36258
2	37588
2	37609
2	37895
2	38823
2	40776
2	41051
2	42169
2	42364
2	42411
2	42603
2	43129
2	43482
2	43920
2	44036
2	44071
2	44112
2	44220
2	44669
2	45729
2	45898
2	45942
2	46118
2	46745
2	47302
2	47421
2	47757
2	48605
2	48816
2	48945
2	49473
2	50104
2	50595
2	52732
2	52813
2	52825
2	52858
2	52919
2	52920
2	53052
2	53056
2	53100
2	53267
2	53770
2	57024
2	59204
2	59690
2	60054
2	60624
2	61376
2	61378
2	61602
2	61946
2	62372
2	62708
2	62921
2	63950
2	64667
2	64684
2	64754
2	65194
2	65839
2	65984
2	66055
2	66222
2	66238
2	67108
2	67162
2	67442
2	67679
2	68104
2	68353
2	68725
2	69343
2	69682
2	69812
2	70273
2	70484
2	70522
2	70527
2	70667
2	71455
2	72129
2	72497
2	72507
2	74421
2	74777
2	75170
2	77327
2	77338
2	77372
2	77398
2	77549
2	77900
2	78125
2	78277
2	78545
2	78555
2	78560
2	78564
2	79455
2	79813
2	80074
2	80276
2	80606
2	80661
2	80786
2	80805
2	81034
2	81240
2	81651
2	81928
2	85576
2	86045
2	86250
2	86330
2	86635
2	87270
2	88711
2	88868
2	89006
2	89394
2	89418
2	89583
2	90059
2	90074
2	92113
2	93379
2	93487
2	94927
2	95080
2	95467
2	95550
2	96228
2	97177
2	97221
2	97234
2	97577
2	97599
2	98277
2	98742
2	98931
2	98933
2	99526
2	99543
2	99960
2	99998
2	100000
2	100264
2	100630
2	102415
2	102920
2	102927
2	103138
2	103191
2	103283
2	103876
2	104180
2	104452
2	104582
2	104816
2	105028
2	105163
2	105248
2	105257
2	105348
2	105649
2	106182
2	106233
2	106370
2	106440
2	106525
2	106545
2	106930
2	107779
2	107829
2	107906
2	107988
2	108142
2	108417
2	108465
2	108872
2	109279
2	109351
2	110428
2	110819
2	110820
2	111001
2	111018
2	112074
2	114664
2	114730
2	114883
2	114906
2	115292
2	115897
2	116960
2	117335
2	117399
2	118594
2	118706
2	118863
2	120528
2	120585
2	120745
2	122008
2	122058
2	128633
2	128733
2	128766
2	128885
2	129069
2	129303
2	129390
2	129934
2	130348
2	130685
2	131348
2	131462
2	132522
2	132815
2	132913
2	132982
2	133060
2	133133
2	133264
2	133336
2	133651
2	133685
2	133929
2	134306
2	134334
2	134695
2	134858
2	135016
2	135133
2	135417
2	135463
2	135694
2	135800
2	135861
2	136403
2	136787
2	137284
2	137429
2	137549
2	137906
2	137945
2	137952
2	138620
2	138908
2	139247
2	139520
2	139652
2	140070
2	140314
2	140990
2	142495
2	142521
2	142791
2	143274
2	143433
2	146067
2	147215
2	148263
2	148592
2	155623
2	155630
2	155712
2	156906
2	157027
2	158005
2	158006
2	158300
2	159103
2	159157
2	159661
2	159758
2	160476
2	160918
2	161049
2	161053
2	162260
2	162462
2	162879
2	163123
2	163634
2	163959
2	164318
2	165942
2	166448
2	166479
2	166562
2	166568
2	166758
2	167412
2	167990
2	168058
2	168173
2	169970
2	170384
2	170925
2	170949
2	170993
2	171073
2	171449
2	171954
2	172025
2	174778
2	174805
2	175238
2	175329
2	176269
2	176997
2	177068
2	177141
2	177202
2	177247
2	177251
2	177365
2	177513
2	178120
2	178330
2	178551
2	178563
2	178610
2	178772
2	178886
2	178982
2	179069
3	211
3	855
3	1072
3	1722
3	2020
3	2176
3	3260
3	3599
3	3615
3	4888
3	5184
3	5269
3	5602
3	5741
3	6389
3	7053
3	8303
3	8329
3	8508
3	8649
3	8795
3	9052
3	9600
3	9808
3	10152
3	10193
3	10294
3	10299
3	10598
3	10919
3	11003
3	11095
3	11413
3	11649
3	11871
3	11890
3	12155
3	12311
3	12352
3	12389
3	12443
3	12865
3	12919
3	13010
3	13643
3	13962
3	14367
3	14819
3	14838
3	14857
3	15176
3	15242
3	15583
3	15629
3	15832
3	16432
3	16563
3	16566
3	16569
3	16676
3	17040
3	17153
3	17173
3	17252
3	17267
3	17615
3	17715
3	17895
3	18211
3	18259
3	18602
3	19057
3	19671
3	19691
3	19751
3	19768
3	19931
3	20018
3	20074
3	20094
3	20845
3	20915
3	20920
3	23771
3	24983
3	26026
3	26096
3	26140
3	26462
3	28655
3	29288
3	29330
3	29366
3	29468
3	29525
3	29870
3	31176
3	31281
3	31501
3	31638
3	31750
3	31757
3	32224
3	32442
3	32520
3	32672
3	32802
3	32846
3	32876
3	32909
3	33228
3	33450
3	34872
3	36526
3	36824
3	36827
3	37309
3	37321
3	37385
3	37451
3	37529
3	38324
3	40320
3	40691
3	41068
3	41513
3	41660
3	42045
3	42135
3	43563
3	44409
3	44945
3	45217
3	45456
3	45687
3	45806
3	46294
3	47083
3	47185
3	47350
3	47356
3	47865
3	48065
3	48517
3	48602
3	48997
3	49198
3	49367
3	50323
3	50691
3	51004
3	51085
3	51235
3	52137
3	52710
3	52778
3	53299
3	53300
3	53745
3	53881
3	56874
3	56897
3	58492
3	58652
3	58748
3	59099
3	59574
3	59860
3	60414
3	60672
3	60829
3	60845
3	60869
3	61377
3	61893
3	63652
3	63653
3	64422
3	64557
3	64876
3	65227
3	65633
3	65639
3	65692
3	65720
3	65804
3	65805
3	66486
3	67090
3	67305
3	68162
3	68334
3	68444
3	68912
3	69617
3	69631
3	70336
3	70465
3	70954
3	71855
3	71994
3	72027
3	72131
3	74420
3	74748
3	74905
3	75340
3	77219
3	77279
3	77288
3	77326
3	77330
3	78100
3	78146
3	78318
3	78319
3	78438
3	79395
3	80388
3	80802
3	81165
3	81172
3	81181
3	81630
3	81670
3	81794
3	82292
3	84574
3	85425
3	85605
3	86070
3	86687
3	87091
3	87655
3	87742
3	89972
3	92191
3	93463
3	94881
3	95088
3	95471
3	95680
3	95998
3	96329
3	96389
3	97191
3	97564
3	97983
3	98899
3	99477
3	100281
3	100327
3	100711
3	100743
3	100868
3	100961
3	101959
3	102665
3	102928
3	103306
3	104104
3	104173
3	104718
3	104985
3	105078
3	105241
3	105787
3	106123
3	106397
3	106499
3	106568
3	106784
3	107510
3	107531
3	107911
3	108264
3	108292
3	108338
3	108350
3	108393
3	108527
3	108763
3	109939
3	112048
3	112058
3	115828
3	116010
3	117175
3	117229
3	119362
3	119391
3	119639
3	119849
3	120524
3	120577
3	121172
3	121189
3	122106
3	125588
3	128544
3	128594
3	128700
3	129230
3	129426
3	129813
3	129832
3	129994
3	130341
3	130453
3	130888
3	131953
3	132664
3	132722
3	132779
3	132891
3	133335
3	134120
3	134501
3	135352
3	135374
3	135611
3	135767
3	135871
3	136179
3	136443
3	136489
3	136576
3	136649
3	137669
3	138047
3	138626
3	138884
3	139610
3	140051
3	142071
3	142962
3	143089
3	144319
3	144594
3	144957
3	146511
3	146704
3	146882
3	147164
3	147431
3	148477
3	149720
3	150205
3	155227
3	155565
3	155568
3	156249
3	156343
3	157275
3	157508
3	157526
3	157728
3	158051
3	158976
3	159140
3	159641
3	161313
3	161552
3	162265
3	163148
3	163409
3	163514
3	163539
3	163691
3	163716
3	163737
3	163882
3	164426
3	165873
3	165985
3	166478
3	167284
3	167916
3	167981
3	170123
3	171085
3	171270
3	171285
3	171416
3	172002
3	173550
3	173710
3	173900
3	174556
3	174584
3	174977
3	175272
3	175683
3	175726
3	176693
3	177239
3	177531
3	178879
3	178889
3	179006
4	138
4	961
4	973
4	1753
4	1841
4	1933
4	3000
4	3293
4	3697
4	3943
4	5221
4	5224
4	5368
4	5552
4	5998
4	6420
4	6935
4	8452
4	8469
4	8846
4	9014
4	10073
4	11038
4	11658
4	11899
4	13805
4	14072
4	15833
4	15855
4	15935
4	16642
4	17639
4	17716
4	18230
4	18633
4	18643
4	18794
4	19370
4	19856
4	19869
4	20521
4	20781
4	20909
4	28800
4	28890
4	28908
4	29227
4	29410
4	29458
4	29611
4	29775
4	30445
4	31205
4	31591
4	31684
4	32071
4	33103
4	35025
4	35958
4	36889
4	37055
4	37330
4	38161
4	39858
4	41512
4	41659
4	42232
4	43111
4	43173
4	43553
4	43601
4	44771
4	44901
4	45207
4	45216
4	45821
4	46146
4	46582
4	47391
4	48743
4	49323
4	49714
4	50463
4	50749
4	53047
4	53708
4	53806
4	58592
4	58619
4	59065
4	59396
4	61532
4	63455
4	64529
4	64755
4	65189
4	65860
4	67672
4	68121
4	68186
4	68885
4	69430
4	69452
4	70285
4	71439
4	72499
4	74758
4	76713
4	77552
4	78260
4	78311
4	78646
4	79371
4	79964
4	80020
4	80268
4	80789
4	80848
4	81193
4	81344
4	84809
4	84810
4	84838
4	84997
4	85337
4	86177
4	86439
4	87132
4	87279
4	88361
4	88719
4	89173
4	89373
4	89419
4	89438
4	89657
4	90167
4	92369
4	93299
4	93488
4	93711
4	93713
4	94876
4	94992
4	97182
4	97693
4	97694
4	97953
4	98472
4	98474
4	98903
4	99424
4	99426
4	99549
4	99996
4	100282
4	100810
4	100915
4	101145
4	101853
4	101865
4	102982
4	103326
4	103394
4	104750
4	105340
4	105381
4	105748
4	106188
4	106285
4	106345
4	106412
4	106780
4	108376
4	108466
4	108535
4	108739
4	110727
4	111923
4	112093
4	112304
4	113243
4	114665
4	115038
4	115056
4	115057
4	115513
4	115988
4	115998
4	116453
4	116698
4	116825
4	117080
4	117146
4	117627
4	117628
4	118531
4	118552
4	118584
4	118756
4	119308
4	119576
4	120578
4	122023
4	122094
4	123718
4	128814
4	128957
4	129158
4	129498
4	130090
4	130397
4	130740
4	130758
4	132036
4	133125
4	133169
4	133286
4	134254
4	134462
4	134852
4	135250
4	135351
4	135765
4	135819
4	135826
4	135872
4	135891
4	136125
4	136591
4	136648
4	136887
4	137041
4	137127
4	137141
4	137213
4	137456
4	137635
4	137636
4	137703
4	137763
4	137876
4	138135
4	138917
4	139596
4	139952
4	140085
4	140850
4	141460
4	142375
4	142411
4	142749
4	144085
4	145980
4	146025
4	146332
4	148114
4	149003
4	149174
4	155312
4	155659
4	155812
4	156531
4	157418
4	160245
4	160248
4	160410
4	161032
4	161594
4	161602
4	161945
4	161949
4	162124
4	163507
4	163548
4	163600
4	163916
4	163920
4	165879
4	166499
4	170302
4	172055
4	172233
4	172318
4	172391
4	173836
4	174869
4	174973
4	175129
4	177144
4	177302
4	178228
4	178751
4	178930
4	180331
4	180362
4	180374
4	180786
4	181434
4	181483
4	181520
4	181608
4	181705
4	181797
4	181949
4	182011
4	182042
4	182049
4	182225
4	182860
4	183012
4	183319
4	183352
4	183355
4	183465
4	184609
4	184678
4	185222
4	185288
4	185623
4	185868
4	186046
4	186054
4	186091
4	186232
4	186282
4	187380
4	187764
4	187901
4	188315
4	188983
4	189248
4	189677
4	189680
4	190023
4	190117
4	190237
4	190369
4	191336
4	191757
4	191768
4	192390
4	193023
4	193097
4	193296
4	193667
4	194129
4	194268
4	194484
4	195243
4	195495
4	196073
4	196529
4	196830
4	197079
4	197190
4	197460
4	197763
4	198409
4	198527
4	198640
4	199305
4	199875
4	200055
4	200184
4	200483
4	200662
4	201184
4	201581
4	201891
4	202070
4	202187
4	202230
4	202240
4	202529
4	203254
4	203480
4	204120
4	204174
4	204189
4	204372
4	204939
4	204993
4	205033
4	205034
4	205619
4	205667
4	205720
4	205812
4	206206
4	206219
4	206233
4	206617
4	206641
4	207357
4	208412
4	208594
4	208663
4	208908
4	209896
4	210644
4	210687
4	211125
4	212111
4	212400
4	212488
4	212499
4	215195
4	215753
4	215844
4	215852
4	215934
4	216085
