id	name	jev	gold	skills	segment
110:mcp	MCP	drop	keep	MCP = Model Context Protocol | Model Context Protocol	Implement MCP (Model Context Protocol) services and service templates that make it faster and easier for teams across Toast to build AI-powered workflows
110:model context protocol	Model Context Protocol	drop	keep	MCP = Model Context Protocol | Model Context Protocol	Implement MCP (Model Context Protocol) services and service templates that make it faster and easier for teams across Toast to build AI-powered workflows
194:f&o	F&O	keep	drop	D365 F&O = Microsoft Dynamics 365 Finance and Operations	Stay up-to-date on the latest developments and new features within D365 F&O and identify opportunities to leverage these for greater efficiency and automation.
205:catalog	Catalog	keep	drop	Unity Catalog = Databricks Unity Catalog	Translate claim-system data dictionaries into Unity Catalog tables for reporting and APIs.
210:advanced aws	Advanced AWS	keep	drop	AWS = Amazon Web Services | Kubernetes | EKS = Amazon EKS | ECS Fargate = AWS Fargate | EC2 = Amazon EC2 | Lambda = AWS Lambda | CloudWatch = Amazon CloudWatch	Advanced AWS & Kubernetes Expertise: EKS, ECS Fargate, EC2, Lambda, and CloudWatch in production.
210:kubernetes expertise	Kubernetes Expertise	keep	drop	AWS = Amazon Web Services | Kubernetes | EKS = Amazon EKS | ECS Fargate = AWS Fargate | EC2 = Amazon EC2 | Lambda = AWS Lambda | CloudWatch = Amazon CloudWatch	Advanced AWS & Kubernetes Expertise: EKS, ECS Fargate, EC2, Lambda, and CloudWatch in production.
230:kubernetes based	Kubernetes-based	keep	drop	Kubernetes	Experience with NGA CORE (Common Operations Release Environment) a DevSecOps environment with an integrated CI/CD pipeline and a Kubernetes-based PaaS.
24:command center	Command Center	keep	drop	GCP = Google Cloud Platform | IAM = Google Cloud IAM | VPC Service Controls | Organization Policy = Google Cloud Platform | Shared VPC = Google Cloud VPC | Workload Identity = Google Kubernetes Engine | KMS = Cloud KMS | Security Command Center	Own the cloud security architecture across our GCP environments, including IAM and least privilege design, VPC Service Controls, Organization Policy, Shared VPC, Workload Identity, KMS/encryption, and Security Command Center
24:security command	Security Command	keep	drop	GCP = Google Cloud Platform | IAM = Google Cloud IAM | VPC Service Controls | Organization Policy = Google Cloud Platform | Shared VPC = Google Cloud VPC | Workload Identity = Google Kubernetes Engine | KMS = Cloud KMS | Security Command Center	Own the cloud security architecture across our GCP environments, including IAM and least privilege design, VPC Service Controls, Organization Policy, Shared VPC, Workload Identity, KMS/encryption, and Security Command Center
24:service controls	Service Controls	keep	drop	GCP = Google Cloud Platform | IAM = Google Cloud IAM | VPC Service Controls | Organization Policy = Google Cloud Platform | Shared VPC = Google Cloud VPC | Workload Identity = Google Kubernetes Engine | KMS = Cloud KMS | Security Command Center	Own the cloud security architecture across our GCP environments, including IAM and least privilege design, VPC Service Controls, Organization Policy, Shared VPC, Workload Identity, KMS/encryption, and Security Command Center
24:vpc service	VPC Service	keep	drop	GCP = Google Cloud Platform | IAM = Google Cloud IAM | VPC Service Controls | Organization Policy = Google Cloud Platform | Shared VPC = Google Cloud VPC | Workload Identity = Google Kubernetes Engine | KMS = Cloud KMS | Security Command Center	Own the cloud security architecture across our GCP environments, including IAM and least privilege design, VPC Service Controls, Organization Policy, Shared VPC, Workload Identity, KMS/encryption, and Security Command Center
282:configure nginx	Configure Nginx	keep	drop	Nginx | Apache = Apache HTTP Server	Configure Nginx and Apache for load balancing and high availability across production systems.
288:utilize entity	Utilize Entity	keep	drop	Entity Framework Core	Utilize Entity Framework Core for ORM and data access.
288:utilize entity framework	Utilize Entity Framework	keep	drop	Entity Framework Core	Utilize Entity Framework Core for ORM and data access.
289:cfin	CFIN	drop	keep	SAP FICO | CFIN = SAP Central Finance | S/4HANA = SAP S/4HANA	18+ years of expert level SAP FICO, CFIN and S/4HANA Finance experience
289:s/4hana finance	S/4HANA Finance	keep	drop	SAP FICO | CFIN = SAP Central Finance | S/4HANA = SAP S/4HANA	18+ years of expert level SAP FICO, CFIN and S/4HANA Finance experience
53:service cloud	Service Cloud	keep	drop		Salesforce Certified Agentforce Service Consultant (formerly Service Cloud Consultant) required; Administrator required
